2021_team,2022_team,player,first_name,last_name
,Leipzig Kings,AJ Wentland,AJ,Wentland
Berlin Thunder,,Aaron Boadu,Aaron,Boadu
,,Aaron Ellis,Aaron,Ellis
,Berlin Thunder,Aaron Rosemann,Aaron,Rosemann
,Barcelona Dragons,Aarón Sola,Aarón,Sola
,Istanbul Rams,Abdullah Kilany,Abdullah,Kilany
,Rhein Fire,Achim Bah,Achim,Bah
,Panthers Wroclaw,Adam Lary,Adam,Lary
,Panthers Wroclaw,Adam Skakowski,Adam,Skakowski
Berlin Thunder,,Adedayo Odeleye,Adedayo,Odeleye
Hamburg Sea Devils,Vienna Vikings,Adria Botella Moreno,Adria,Botella Moreno
Panthers Wroclaw,,Adrian Brudny,Adrian,Brudny
Panthers Wroclaw,Panthers Wroclaw,Adrian Gródecki,Adrian,Gródecki
,Rhein Fire,Adrian Kiernan,Adrian,Kiernan
,Raiders Tirol,Adrian Platzgummer,Adrian,Platzgummer
Barcelona Dragons,,Adriel  Costa,Adriel, Costa
Barcelona Dragons,Barcelona Dragons,Adrián Jiménez,Adrián,Jiménez
,Barcelona Dragons,Adrián Novella,Adrián,Novella
,Istanbul Rams,Ahmet Cem Uğur,Ahmet,Cem Uğur
,Istanbul Rams,Ahmet Cem İnan,Ahmet,Cem İnan
Stuttgart Surge,,Al Mustafa Almakki,Al,Mustafa Almakki
,Barcelona Dragons,Alan Mark Sousa Posincovich,Alan,Mark Sousa Posincovich
,Berlin Thunder,Albert Wiesigstrauch,Albert,Wiesigstrauch
Cologne Centurions,,Alberto Coq Huelva,Alberto,Coq Huelva
,Barcelona Dragons,Alberto Del Cerro,Alberto,Del Cerro
Barcelona Dragons,Barcelona Dragons,Alejandro Fernández,Alejandro,Fernández
Barcelona Dragons,,Alejandro Herrero,Alejandro,Herrero
,Vienna Vikings,Aleksandar Milanovic,Aleksandar,Milanovic
Hamburg Sea Devils,Hamburg Sea Devils,Aleksandr Astahin,Aleksandr,Astahin
,Raiders Tirol,Alex Ferrari,Alex,Ferrari
,Panthers Wroclaw,Alex Powar,Alex,Powar
Hamburg Sea Devils,,Alexander Babic,Alexander,Babic
Cologne Centurions,Cologne Centurions,Alexander Boes,Alexander,Boes
Stuttgart Surge,,Alexander Eitel,Alexander,Eitel
Cologne Centurions,Cologne Centurions,Alexander Frisch,Alexander,Frisch
Berlin Thunder,Berlin Thunder,Alexander Karim Rushdy Stadahl,Alexander,Karim Rushdy Stadahl
,Vienna Vikings,Alexander Reischl,Alexander,Reischl
,Rhein Fire,Alexander Sobotta,Alexander,Sobotta
,Vienna Vikings,Alexander Watholotwitsch,Alexander,Watholotwitsch
,Istanbul Rams,Ali Gündoğdu,Ali,Gündoğdu
,Istanbul Rams,Alihan Ağaçkesen,Alihan,Ağaçkesen
,Istanbul Rams,Alp Burak Çamlıer,Alp,Burak Çamlıer
,,Alpay Burak Tatar,Alpay,Burak Tatar
,Istanbul Rams,Alper Kurtuluş,Alper,Kurtuluş
,Berlin Thunder,Alper Peközer,Alper,Peközer
,Istanbul Rams,Alperen Küçük,Alperen,Küçük
,Istanbul Rams,Alperen Ünlü,Alperen,Ünlü
Leipzig Kings,,Alpha Jalloh,Alpha,Jalloh
Hamburg Sea Devils,Hamburg Sea Devils,Ambroise Mati,Ambroise,Mati
,Berlin Thunder,Amir Kilani,Amir,Kilani
Leipzig Kings,,Anastassiadis Kiriakos,Anastassiadis,Kiriakos
Berlin Thunder,Cologne Centurions,Andre Dickmeis,Andre,Dickmeis
Cologne Centurions,,Andre Frisch,Andre,Frisch
Hamburg Sea Devils,,André Rieckenberg,André,Rieckenberg
Barcelona Dragons,Barcelona Dragons,Andy Vera,Andy,Vera
Leipzig Kings,Leipzig Kings,Anthony Dable-Wolf,Anthony,Dable-Wolf
,Frankfurt Galaxy,Anthony Keith Williams,Anthony,Keith Williams
Frankfurt Galaxy,,Anthony Mahoungou,Anthony,Mahoungou
Leipzig Kings,Leipzig Kings,Anton Doroshev,Anton,Doroshev
Cologne Centurions,Cologne Centurions,Anton Glusancov,Anton,Glusancov
,Leipzig Kings,Anton Jallai,Anton,Jallai
,Vienna Vikings,Anton Wegan,Anton,Wegan
Panthers Wroclaw,Panthers Wroclaw,Antoni Idziak,Antoni,Idziak
Leipzig Kings,,Antonio Fischer,Antonio,Fischer
Barcelona Dragons,Barcelona Dragons,Antonio Montón,Antonio,Montón
,Barcelona Dragons,Antony Rodrigues,Antony,Rodrigues
,,Aril Rwantambara,Aril,Rwantambara
Cologne Centurions,Cologne Centurions,Arkady Naus,Arkady,Naus
,Barcelona Dragons,Arnau Casamor,Arnau,Casamor
Berlin Thunder,Berlin Thunder,Arne Gehrt,Arne,Gehrt
,Raiders Tirol,Arno Schwarz,Arno,Schwarz
,Rhein Fire,Arnoud Holierhoek,Arnoud,Holierhoek
Barcelona Dragons,,Arthur Pinheiro,Arthur,Pinheiro
Berlin Thunder,,Ashley Bailey,Ashley,Bailey
Leipzig Kings,Leipzig Kings,Aslan Zetterberg,Aslan,Zetterberg
,Istanbul Rams,Ata Han Atılgan,Ata,Han Atılgan
,Istanbul Rams,Atilla Işık,Atilla,Işık
Barcelona Dragons,,Axel Irigoite,Axel,Irigoite
,Istanbul Rams,Ayberk Kurşunlu,Ayberk,Kurşunlu
,Istanbul Rams,Aykut Aslan,Aykut,Aslan
,Istanbul Rams,Aytaç Mercan,Aytaç,Mercan
,Istanbul Rams,Bahadır Akbaş,Bahadır,Akbaş
,Istanbul Rams,Bahadır Aslan,Bahadır,Aslan
,Hamburg Sea Devils,Bais Kouanda,Bais,Kouanda
,Berlin Thunder,Baran Celik,Baran,Celik
Hamburg Sea Devils,Hamburg Sea Devils,Barry Maruschke,Barry,Maruschke
,Barcelona Dragons,Bartolomé Flaquer,Bartolomé,Flaquer
Panthers Wroclaw,Panthers Wroclaw,Bartosz Dziedzic,Bartosz,Dziedzic
,Panthers Wroclaw,Bartosz Woźniak,Bartosz,Woźniak
,Frankfurt Galaxy,Basil Weber,Basil,Weber
,Berlin Thunder,Ben Baierl,Ben,Baierl
Stuttgart Surge,Stuttgart Surge,Ben Wenzler,Ben,Wenzler
Berlin Thunder,,Benedikt Assis,Benedikt,Assis
,Stuttgart Surge,Benedikt Lang,Benedikt,Lang
,Stuttgart Surge,Benhur Ayra,Benhur,Ayra
Leipzig Kings,,Benhwoll Tchiyoko,Benhwoll,Tchiyoko
Frankfurt Galaxy,Stuttgart Surge,Benjamin Barnes,Benjamin,Barnes
Cologne Centurions,Cologne Centurions,Benjamin Cerimagic,Benjamin,Cerimagic
Hamburg Sea Devils,Hamburg Sea Devils,Benjamin Mau,Benjamin,Mau
,Barcelona Dragons,Benjamin Plu,Benjamin,Plu
,Vienna Vikings,Benjamin Rab,Benjamin,Rab
,Vienna Vikings,Benjamin Straight,Benjamin,Straight
Hamburg Sea Devils,Hamburg Sea Devils,Berend Grube,Berend,Grube
,Istanbul Rams,Berkan Zaimoğlu,Berkan,Zaimoğlu
Stuttgart Surge,,Biagio Caprino,Biagio,Caprino
,Vienna Vikings,Blake Nelson,Blake,Nelson
Barcelona Dragons,,Brandon Brooks,Brandon,Brooks
,,Brandon Camara,Brandon,Camara
,Hamburg Sea Devils,Brian-Tom Lohse,Brian-Tom,Lohse
Hamburg Sea Devils,Stuttgart Surge,Brice Ulrich Tchouadje,Brice,Ulrich Tchouadje
Stuttgart Surge,Stuttgart Surge,Bryan Yankson,Bryan,Yankson
Berlin Thunder,Berlin Thunder,Bryan Zerbe,Bryan,Zerbe
,Leipzig Kings,Burak Efendioglu,Burak,Efendioglu
,Istanbul Rams,Burak Karaçor,Burak,Karaçor
Berlin Thunder,,Calvin Stitt,Calvin,Stitt
,,Caner Dündar,Caner,Dündar
Barcelona Dragons,,Carlos Guillén,Carlos,Guillén
Stuttgart Surge,,Cedric König,Cedric,König
,Berlin Thunder,Cedric Ouattara,Cedric,Ouattara
Frankfurt Galaxy,Frankfurt Galaxy,Cedric Udegbe,Cedric,Udegbe
Barcelona Dragons,Barcelona Dragons,Celestine Ngimbi,Celestine,Ngimbi
Barcelona Dragons,Barcelona Dragons,Cesare Brugnani,Cesare,Brugnani
,Istanbul Rams,Cevad Küçükşengün,Cevad,Küçükşengün
,Istanbul Rams,Chad Walrond,Chad,Walrond
,Stuttgart Surge,Chaska Remy Perron,Chaska,Remy Perron
Frankfurt Galaxy,Frankfurt Galaxy,Cheikhou Sow,Cheikhou,Sow
Barcelona Dragons,,Chris Manser,Chris,Manser
,Cologne Centurions,Chris Richardson Jr.,Chris,Richardson Jr.
Leipzig Kings,,Chris Schlack,Chris,Schlack
,Stuttgart Surge,Chris Voumbo,Chris,Voumbo
,Leipzig Kings,Christian Römer,Christian,Römer
,Rhein Fire,Christian Van Horn,Christian,Van Horn
,Vienna Vikings,Christoph Kellner,Christoph,Kellner
,Raiders Tirol,Christoph Nitzlnader,Christoph,Nitzlnader
Leipzig Kings,Leipzig Kings,Christoph Schob,Christoph,Schob
Cologne Centurions,,Christopher Ezeala,Christopher,Ezeala
Leipzig Kings,Leipzig Kings,Christopher Hans,Christopher,Hans
,,Clemens Walz,Clemens,Walz
,Vienna Vikings,Cody Smith,Cody,Smith
Stuttgart Surge,,Collins Kamara,Collins,Kamara
,Berlin Thunder,Connor Bolton,Connor,Bolton
Berlin Thunder,,Conrad Schmid,Conrad,Schmid
Stuttgart Surge,,Constantin Lässing,Constantin,Lässing
Hamburg Sea Devils,,Curtis Slater,Curtis,Slater
,Barcelona Dragons,César Sawane Garcia,César,Sawane Garcia
Stuttgart Surge,,Dale Warren,Dale,Warren
Panthers Wroclaw,,Damian Krawiec,Damian,Krawiec
Panthers Wroclaw,,Damian Kwiatkowski,Damian,Kwiatkowski
Panthers Wroclaw,Panthers Wroclaw,Damian Wesolowski,Damian,Wesolowski
,Hamburg Sea Devils,Daniel Brown,Daniel,Brown
,Raiders Tirol,Daniel Claus,Daniel,Claus
Leipzig Kings,,Daniel Docal,Daniel,Docal
,Rhein Fire,Daniel Duah,Daniel,Duah
,Raiders Tirol,Daniel Fankhauser,Daniel,Fankhauser
Cologne Centurions,,Daniel Farley,Daniel,Farley
,Barcelona Dragons,Daniel Franco,Daniel,Franco
Frankfurt Galaxy,Frankfurt Galaxy,Daniel Josiah,Daniel,Josiah
Hamburg Sea Devils,Hamburg Sea Devils,Daniel Laporte,Daniel,Laporte
Barcelona Dragons,,Daniel Monfared,Daniel,Monfared
Panthers Wroclaw,Panthers Wroclaw,Daniel Piątkowski,Daniel,Piątkowski
,Rhein Fire,Daniel Rennich,Daniel,Rennich
Hamburg Sea Devils,,Daniel Rotärmel,Daniel,Rotärmel
Cologne Centurions,Rhein Fire,Daniel Schuhmacher,Daniel,Schuhmacher
Leipzig Kings,Leipzig Kings,Daniel Thiele,Daniel,Thiele
Berlin Thunder,,Daniel Weiswange,Daniel,Weiswange
Stuttgart Surge,,Danny Washington ,Danny,Washington 
Cologne Centurions,Cologne Centurions,Dany Lamy,Dany,Lamy
Panthers Wroclaw,Panthers Wroclaw,Darius Robinson,Darius,Robinson
Stuttgart Surge,Stuttgart Surge,Darko Pisaric,Darko,Pisaric
Frankfurt Galaxy,Stuttgart Surge,Darnell Minton,Darnell,Minton
Cologne Centurions,,Dartez Jacobs,Dartez,Jacobs
,Stuttgart Surge,David Kovacevic,David,Kovacevic
,Leipzig Kings,David McCants,David,McCants
Stuttgart Surge,Stuttgart Surge,David Meza,David,Meza
,Rhein Fire,David Schüler,David,Schüler
Hamburg Sea Devils,Hamburg Sea Devils,David Weinstock,David,Weinstock
,,David Yu,David,Yu
,,Davion Washington,Davion,Washington
,Panthers Wroclaw,Dawid Brzozowski,Dawid,Brzozowski
Panthers Wroclaw,Panthers Wroclaw,Dawid Pańczyszyn,Dawid,Pańczyszyn
,Cologne Centurions,Dean Tanwani,Dean,Tanwani
,Cologne Centurions,Denis Dauben,Denis,Dauben
,Raiders Tirol,Denis William Butz,Denis,William Butz
Stuttgart Surge,Stuttgart Surge,Dennis Gratza,Dennis,Gratza
Hamburg Sea Devils,Hamburg Sea Devils,Dennis Kenzler,Dennis,Kenzler
Cologne Centurions,,Dennis Laas,Dennis,Laas
,Vienna Vikings,Dennis Tasic,Dennis,Tasic
Berlin Thunder,,Deon Mutsvanemoto,Deon,Mutsvanemoto
,Raiders Tirol,Derrick Brumfield,Derrick,Brumfield
Frankfurt Galaxy,,Desmond Cooper,Desmond,Cooper
Hamburg Sea Devils,Hamburg Sea Devils,Diego Antonio Arboleda Sanchez,Diego,Antonio Arboleda Sanchez
Stuttgart Surge,Rhein Fire,Domenik Rofalski,Domenik,Rofalski
Hamburg Sea Devils,,Dominic Gröne,Dominic,Gröne
,Vienna Vikings,Dominic Siegel,Dominic,Siegel
Hamburg Sea Devils,,Dominic Yaw Aboagye-Duah,Dominic,Yaw Aboagye-Duah
,Leipzig Kings,Dominik Banse,Dominik,Banse
,Hamburg Sea Devils,Dominik Behrens,Dominik,Behrens
Leipzig Kings,Leipzig Kings,Dominik Wünsche,Dominik,Wünsche
Berlin Thunder,,Dominique Pfeffer,Dominique,Pfeffer
,Raiders Tirol,Dominique Shelton,Dominique,Shelton
Leipzig Kings,,Dustin Dennerlein,Dustin,Dennerlein
,,Dustin Illetschko,Dustin,Illetschko
,Hamburg Sea Devils,Dustin Mohrdieck,Dustin,Mohrdieck
Panthers Wroclaw,Barcelona Dragons,Eduardo Sanchez González,Eduardo,Sanchez González
,Barcelona Dragons,Edwin Elio,Edwin,Elio
,Istanbul Rams,Efe Baran,Efe,Baran
,Cologne Centurions,Efekan Akgün,Efekan,Akgün
,Istanbul Rams,Ege Altuğ Sarıkaya,Ege,Altuğ Sarıkaya
Hamburg Sea Devils,Hamburg Sea Devils,Eldert Terekuu,Eldert,Terekuu
,Stuttgart Surge,Elias Becher,Elias,Becher
Barcelona Dragons,Barcelona Dragons,Elvys Núñez,Elvys,Núñez
Barcelona Dragons,Barcelona Dragons,Elías Rodríguez,Elías,Rodríguez
Berlin Thunder,Berlin Thunder,Emil Drossard,Emil,Drossard
,Istanbul Rams,Emir Sarıyıldız,Emir,Sarıyıldız
,Istanbul Rams,Emre Dumlupınar,Emre,Dumlupınar
,Rhein Fire,Emre  Zengin,Emre, Zengin
,Stuttgart Surge,Enrico Pascual,Enrico,Pascual
,Istanbul Rams,Erdem Altun,Erdem,Altun
,Rhein Fire,Eric Adam,Eric,Adam
Hamburg Sea Devils,Hamburg Sea Devils,Eric De Souza,Eric,De Souza
,Hamburg Sea Devils,Eric Schlomm,Eric,Schlomm
Leipzig Kings,Leipzig Kings,Erich Kilger,Erich,Kilger
Hamburg Sea Devils,Hamburg Sea Devils,Evans Yeboah,Evans,Yeboah
,Vienna Vikings,Exavier Edwards,Exavier,Edwards
,Raiders Tirol,Fabian Abfalter,Fabian,Abfalter
Cologne Centurions,Cologne Centurions,Fabian Kratz,Fabian,Kratz
Stuttgart Surge,,Fabian Weigel,Fabian,Weigel
,Vienna Vikings,Fabio Tartarotti,Fabio,Tartarotti
,Rhein Fire,Fabrizio Umetelli,Fabrizio,Umetelli
Berlin Thunder,Berlin Thunder,Falco Paris,Falco,Paris
Frankfurt Galaxy,Frankfurt Galaxy,Falk Reuter,Falk,Reuter
Stuttgart Surge,,Felix Haufe,Felix,Haufe
,Leipzig Kings,Felix Lepper,Felix,Lepper
,Berlin Thunder,Felix Mohlberg,Felix,Mohlberg
,Raiders Tirol,Felix Ntwa,Felix,Ntwa
,Vienna Vikings,Felix Reisacher,Felix,Reisacher
,Rhein Fire,Felix Siegert,Felix,Siegert
Leipzig Kings,,Felix Spliteser,Felix,Spliteser
Cologne Centurions,,Femi Durojaiye,Femi,Durojaiye
Frankfurt Galaxy,Frankfurt Galaxy,Fernando Lowery,Fernando,Lowery
,Leipzig Kings,Ferris El-Hendi,Ferris,El-Hendi
Panthers Wroclaw,,Filip  Kłoskowski,Filip, Kłoskowski
,Panthers Wroclaw,Filip Snopek,Filip,Snopek
,Raiders Tirol,Filip Vlajic,Filip,Vlajic
Hamburg Sea Devils,,Filip-Liberio Filipovic,Filip-Liberio,Filipovic
Stuttgart Surge,,Finn Seibert,Finn,Seibert
Cologne Centurions,Cologne Centurions,Firat Aybek,Firat,Aybek
,Cologne Centurions,Flamur Simon,Flamur,Simon
,Vienna Vikings,Florian Albrecht,Florian,Albrecht
Leipzig Kings,,Florian Barthel,Florian,Barthel
,Vienna Vikings,Florian Bierbaumer,Florian,Bierbaumer
Leipzig Kings,Leipzig Kings,Florian Borger,Florian,Borger
Stuttgart Surge,,Florian Breitenbach,Florian,Breitenbach
Cologne Centurions,Rhein Fire,Florian Eichhorn,Florian,Eichhorn
,Leipzig Kings,Florian Finke,Florian,Finke
Berlin Thunder,,Florian Gerlach,Florian,Gerlach
,Leipzig Kings,Florian Giese,Florian,Giese
,Vienna Vikings,Florian Grünsteidl,Florian,Grünsteidl
,,Florian Jobst,Florian,Jobst
Cologne Centurions,,Florian Kallwitz,Florian,Kallwitz
,Hamburg Sea Devils,Florian  Rosenberger,Florian, Rosenberger
Frankfurt Galaxy,,Florian Schneikert,Florian,Schneikert
,Vienna Vikings,Florian Sudi,Florian,Sudi
,Vienna Vikings,Florian Wegan,Florian,Wegan
,Frankfurt Galaxy,Francesco Runco,Francesco,Runco
,Hamburg Sea Devils,Francis Bongwalanga,Francis,Bongwalanga
Frankfurt Galaxy,Frankfurt Galaxy,Frank Atunlese,Frank,Atunlese
Stuttgart Surge,Stuttgart Surge,Frederic Latour,Frederic,Latour
Cologne Centurions,Cologne Centurions,Frederick Weinreich,Frederick,Weinreich
Hamburg Sea Devils,,Friedemann Peters,Friedemann,Peters
,Barcelona Dragons,Gabriel Rodríguez,Gabriel,Rodríguez
Berlin Thunder,,Gabriel Wiek,Gabriel,Wiek
Frankfurt Galaxy,Frankfurt Galaxy,Gennadiy Adams,Gennadiy,Adams
Frankfurt Galaxy,Hamburg Sea Devils,Gerald Ameln,Gerald,Ameln
,Raiders Tirol,Gerd Mitterdorfer,Gerd,Mitterdorfer
,Berlin Thunder,Giacomo De Pauli,Giacomo,De Pauli
Barcelona Dragons,,Giacomo Prati,Giacomo,Prati
Hamburg Sea Devils,Hamburg Sea Devils,Gian De Guzman,Gian,De Guzman
Berlin Thunder,Berlin Thunder,Gideon Grabert,Gideon,Grabert
Barcelona Dragons,Barcelona Dragons,Giorgio Tavecchio,Giorgio,Tavecchio
Hamburg Sea Devils,Hamburg Sea Devils,Giovanni Nanguy,Giovanni,Nanguy
,Hamburg Sea Devils,Glen Toonga,Glen,Toonga
Cologne Centurions,,Glody Ngovo,Glody,Ngovo
Panthers Wroclaw,Panthers Wroclaw,Goran Zec,Goran,Zec
,Panthers Wroclaw,Grzegorz Lary,Grzegorz,Lary
Panthers Wroclaw,,Grzegorz Piotrowski,Grzegorz,Piotrowski
,Barcelona Dragons,Guillem Visent,Guillem,Visent
Barcelona Dragons,,Guillermo Bahillo,Guillermo,Bahillo
Berlin Thunder,Berlin Thunder,Hamsa El-Zein,Hamsa,El-Zein
Frankfurt Galaxy,,Hamudi Chehab,Hamudi,Chehab
Cologne Centurions,,Hannes Darley,Hannes,Darley
,Rhein Fire,Harlan Kwofie,Harlan,Kwofie
,,Hayati Berker Eşme,Hayati,Berker Eşme
Frankfurt Galaxy,Frankfurt Galaxy,Hendrik Schwarz,Hendrik,Schwarz
Hamburg Sea Devils,,Henning Knuth,Henning,Knuth
,Leipzig Kings,Herni Perl,Herni,Perl
Hamburg Sea Devils,Hamburg Sea Devils,Hiswill Awuah,Hiswill,Awuah
Panthers Wroclaw,Panthers Wroclaw,Hubert Ogrodowczyk,Hubert,Ogrodowczyk
,Berlin Thunder,Ian Gehrke,Ian,Gehrke
,Cologne Centurions,Ibrahim  Eldewieh,Ibrahim, Eldewieh
Panthers Wroclaw,Barcelona Dragons,Igor Mašlanka,Igor,Mašlanka
Berlin Thunder,,Iiro Pekkarinen,Iiro,Pekkarinen
Hamburg Sea Devils,,Ilias Werner Maragos,Ilias,Werner Maragos
Barcelona Dragons,,Irvin Santana,Irvin,Santana
Barcelona Dragons,,Iván Gutiérrez,Iván,Gutiérrez
Barcelona Dragons,,Iván Iordanov,Iván,Iordanov
Panthers Wroclaw,,Jacek Wszół,Jacek,Wszół
,Vienna Vikings,Jackson Erdmann,Jackson,Erdmann
Leipzig Kings,,Jacob Templar,Jacob,Templar
,,Jacob Wright,Jacob,Wright
Hamburg Sea Devils,,Jadrian Clark,Jadrian,Clark
,Cologne Centurions,Jahn Jesus Lara Perez,Jahn,Jesus Lara Perez
Stuttgart Surge,,Jai Jackson,Jai,Jackson
Frankfurt Galaxy,Frankfurt Galaxy,Jakeb Sullivan,Jakeb,Sullivan
,Rhein Fire,Jakob Bojko,Jakob,Bojko
Panthers Wroclaw,Panthers Wroclaw,Jakub Halicki,Jakub,Halicki
Panthers Wroclaw,Panthers Wroclaw,Jakub Mazan,Jakub,Mazan
Panthers Wroclaw,,Jakub Wąsiel,Jakub,Wąsiel
,Panthers Wroclaw,Jakub Zmaczyński,Jakub,Zmaczyński
Leipzig Kings,,Jaleel Awini,Jaleel,Awini
,Istanbul Rams,Jalen Conwell,Jalen,Conwell
Berlin Thunder,,Jamaal White,Jamaal,White
,Hamburg Sea Devils,Jamal Okeke,Jamal,Okeke
,Istanbul Rams,Jamarii Milliken,Jamarii,Milliken
,Hamburg Sea Devils,Jamen Werneke,Jamen,Werneke
Panthers Wroclaw,Panthers Wroclaw,Jan Chmiel,Jan,Chmiel
,Raiders Tirol,Jan Grischenig,Jan,Grischenig
Panthers Wroclaw,,Jan Korkuć,Jan,Korkuć
,Raiders Tirol,Jan Mayerhofer,Jan,Mayerhofer
,Cologne Centurions,Jan Mika Hesseln,Jan,Mika Hesseln
Barcelona Dragons,,Jan Raus,Jan,Raus
Stuttgart Surge,Stuttgart Surge,Jan Steiger,Jan,Steiger
Cologne Centurions,Cologne Centurions,Jan Weinreich,Jan,Weinreich
Frankfurt Galaxy,,Jan-Hendrik Hoffmeyer,Jan-Hendrik,Hoffmeyer
,Cologne Centurions,Jan-Hendrik Koch,Jan-Hendrik,Koch
Cologne Centurions,Rhein Fire,Jan-Niclas Dalbeck,Jan-Niclas,Dalbeck
Hamburg Sea Devils,Leipzig Kings,Jan-Phillip Bombek,Jan-Phillip,Bombek
,Cologne Centurions,Janek Wenke,Janek,Wenke
,Frankfurt Galaxy,Janez von Renesse,Janez,von Renesse
,Stuttgart Surge,Janis Hackenberg,Janis,Hackenberg
Berlin Thunder,,Janis Lou Schmarmer,Janis,Lou Schmarmer
Cologne Centurions,Cologne Centurions,Jannik Lörcks,Jannik,Lörcks
Cologne Centurions,Cologne Centurions,Jannik Nowak,Jannik,Nowak
Cologne Centurions,Rhein Fire,Jannik Seibel,Jannik,Seibel
Berlin Thunder,Berlin Thunder,Jannik Werblow,Jannik,Werblow
Stuttgart Surge,Stuttgart Surge,Japhet Maleka Mbala,Japhet,Maleka Mbala
,Istanbul Rams,Jared Stegman,Jared,Stegman
Panthers Wroclaw,,Jarosław Lewszyk,Jarosław,Lewszyk
Leipzig Kings,Rhein Fire,Jason Aguemon,Jason,Aguemon
,Rhein Fire,Jason Chikere,Jason,Chikere
Berlin Thunder,,Jason Eid,Jason,Eid
Stuttgart Surge,,Jason Kühn,Jason,Kühn
,Frankfurt Galaxy,Jasper Small,Jasper,Small
Barcelona Dragons,,Jaume Llinas,Jaume,Llinas
Barcelona Dragons,,Javier Barrena,Javier,Barrena
,Leipzig Kings,Javier Carrasco Sanz,Javier,Carrasco Sanz
Barcelona Dragons,Barcelona Dragons,Javier Castañón,Javier,Castañón
Barcelona Dragons,Hamburg Sea Devils,Jean Constant,Jean,Constant
Stuttgart Surge,Stuttgart Surge,Jean-Charles Moukouri,Jean-Charles,Moukouri
Hamburg Sea Devils,Hamburg Sea Devils,Jean-Claude Madin Cerezo,Jean-Claude,Madin Cerezo
Barcelona Dragons,,Jedrzej Rudnicki,Jedrzej,Rudnicki
,Raiders Tirol,Jeffery Asare,Jeffery,Asare
Hamburg Sea Devils,,Jeffrey Juurlink,Jeffrey,Juurlink
,Cologne Centurions,Jens Appelt,Jens,Appelt
Stuttgart Surge,,Jens Hauser,Jens,Hauser
Stuttgart Surge,Stuttgart Surge,Jens Walter,Jens,Walter
Leipzig Kings,,Jeremy Lang,Jeremy,Lang
Hamburg Sea Devils,Hamburg Sea Devils,Jeremy Sarfo,Jeremy,Sarfo
Berlin Thunder,Berlin Thunder,Jeremy Sommerwerk,Jeremy,Sommerwerk
,Frankfurt Galaxy,Jermaine Brealy Jr.,Jermaine,Brealy Jr.
Stuttgart Surge,,Jessie Wegner,Jessie,Wegner
Frankfurt Galaxy,,Jhonattan Silva Gomez,Jhonattan,Silva Gomez
Frankfurt Galaxy,,Joachim Bachmann,Joachim,Bachmann
Frankfurt Galaxy,Frankfurt Galaxy,Joachim Christensen,Joachim,Christensen
,Barcelona Dragons,Joan Carles Bartra,Joan,Carles Bartra
Berlin Thunder,Berlin Thunder,Jocques Crawford,Jocques,Crawford
,Berlin Thunder,Joe  Germinerio,Joe, Germinerio
,Barcelona Dragons,Joel Cabré,Joel,Cabré
,Rhein Fire,Joel Plum,Joel,Plum
Hamburg Sea Devils,Hamburg Sea Devils,John Levi Kruse,John,Levi Kruse
Hamburg Sea Devils,,Johosaphat Kendrick Danso,Johosaphat,Kendrick Danso
Leipzig Kings,Leipzig Kings,Jonas Breme,Jonas,Breme
Leipzig Kings,Panthers Wroclaw,Jonas Hagerup,Jonas,Hagerup
Berlin Thunder,Berlin Thunder,Jonas Schenderlein,Jonas,Schenderlein
Leipzig Kings,Leipzig Kings,Jonas  Schultes,Jonas, Schultes
Hamburg Sea Devils,,Jonas Tykfer,Jonas,Tykfer
,Stuttgart Surge,Jonata Loria,Jonata,Loria
Leipzig Kings,Leipzig Kings,Jonathan Dietze,Jonathan,Dietze
Barcelona Dragons,,Jonathan Michael Corradini,Jonathan,Michael Corradini
,Rhein Fire,Jonathan Peppler,Jonathan,Peppler
,Leipzig Kings,Jonathan Sieveke,Jonathan,Sieveke
,Leipzig Kings,Jordan Barlow,Jordan,Barlow
,Vienna Vikings,Jordan Buoah,Jordan,Buoah
Barcelona Dragons,Barcelona Dragons,Jordi Brugnani,Jordi,Brugnani
Barcelona Dragons,Barcelona Dragons,Jordi Torrededia,Jordi,Torrededia
,Barcelona Dragons,Jorge Félix Velasco,Jorge,Félix Velasco
,Barcelona Dragons,Jose Rafael Ariza Paredes,Jose,Rafael Ariza Paredes
,Raiders Tirol,Josef Fuksa,Josef,Fuksa
Barcelona Dragons,,Josep Tricas,Josep,Tricas
Leipzig Kings,,Joshua Lang,Joshua,Lang
Hamburg Sea Devils,,Joshua Petersen,Joshua,Petersen
Frankfurt Galaxy,Frankfurt Galaxy,Joshua Poznanski,Joshua,Poznanski
Frankfurt Galaxy,All Star Team,Joshua Sauren,Joshua,Sauren
Barcelona Dragons,,Juan Hervás,Juan,Hervás
Hamburg Sea Devils,,Julian Ampaw,Julian,Ampaw
Stuttgart Surge,Stuttgart Surge,Julian Jakob,Julian,Jakob
Stuttgart Surge,Stuttgart Surge,Julian Ludwig-Mayorga,Julian,Ludwig-Mayorga
,Raiders Tirol,Julian Perfler,Julian,Perfler
Cologne Centurions,Cologne Centurions,Julian Völker,Julian,Völker
Hamburg Sea Devils,,Julian Völling,Julian,Völling
,Rhein Fire,Julian Zorz,Julian,Zorz
Cologne Centurions,Cologne Centurions,Junior De Souza Briele,Junior,De Souza Briele
,Stuttgart Surge,Junior Nkembi,Junior,Nkembi
,Panthers Wroclaw,Justice Hansen,Justice,Hansen
Frankfurt Galaxy,Frankfurt Galaxy,Justin Rodney,Justin,Rodney
Hamburg Sea Devils,Hamburg Sea Devils,Justin Rogers,Justin,Rogers
Cologne Centurions,Cologne Centurions,Justin Schlesinger,Justin,Schlesinger
,Rhein Fire,Justus Sleiman,Justus,Sleiman
Hamburg Sea Devils,,Jóhann Gísli Hummel,Jóhann,Gísli Hummel
Panthers Wroclaw,,KaVontae Turpin,KaVontae,Turpin
,Istanbul Rams,Kaan Özer,Kaan,Özer
Panthers Wroclaw,,Kacper Bogdański,Kacper,Bogdański
Panthers Wroclaw,Panthers Wroclaw,Kacper Fiedziuk,Kacper,Fiedziuk
Panthers Wroclaw,Panthers Wroclaw,Kacper Ołdak,Kacper,Ołdak
Panthers Wroclaw,,Kacper Pawlak,Kacper,Pawlak
Panthers Wroclaw,Panthers Wroclaw,Kacper Rokiciński,Kacper,Rokiciński
Frankfurt Galaxy,,Kadel King,Kadel,King
,Frankfurt Galaxy,Kai Hunter,Kai,Hunter
Cologne Centurions,,Kai Schiffer,Kai,Schiffer
,Frankfurt Galaxy,Kai Wullbrandt,Kai,Wullbrandt
Panthers Wroclaw,,Kajetan Korżyński,Kajetan,Korżyński
,Cologne Centurions,Kalon Beverly,Kalon,Beverly
Panthers Wroclaw,Panthers Wroclaw,Kamil Kotlarz,Kamil,Kotlarz
Panthers Wroclaw,,Kamil Kur,Kamil,Kur
Panthers Wroclaw,Panthers Wroclaw,Kamil Muller,Kamil,Muller
Panthers Wroclaw,Panthers Wroclaw,Kamil Piątek,Kamil,Piątek
Panthers Wroclaw,Panthers Wroclaw,Kamil Ruta,Kamil,Ruta
,Frankfurt Galaxy,Karim Ben El Ghali,Karim,Ben El Ghali
Panthers Wroclaw,,Karlis Brauns,Karlis,Brauns
Hamburg Sea Devils,Hamburg Sea Devils,Kasim Edebali,Kasim,Edebali
Cologne Centurions,,Kasper Bongaerts,Kasper,Bongaerts
Berlin Thunder,Berlin Thunder,Kay Wagner,Kay,Wagner
Hamburg Sea Devils,,Keanu Ebanks,Keanu,Ebanks
,Berlin Thunder,Kelian Mouliom,Kelian,Mouliom
,Vienna Vikings,Kende Rathonyi,Kende,Rathonyi
Hamburg Sea Devils,,Kenneth Komlan Soussoukpo,Kenneth,Komlan Soussoukpo
Stuttgart Surge,,Kevin Bannasch,Kevin,Bannasch
,Cologne Centurions,Kevin Foitzik,Kevin,Foitzik
,Hamburg Sea Devils,Kevin Fortes,Kevin,Fortes
Berlin Thunder,Berlin Thunder,Kevin Hummel,Kevin,Hummel
Frankfurt Galaxy,Frankfurt Galaxy,Kevin Maier,Kevin,Maier
Berlin Thunder,,Kevin Meeder,Kevin,Meeder
Frankfurt Galaxy,Frankfurt Galaxy,Kevin Mwamba,Kevin,Mwamba
,Vienna Vikings,Kimi  Linnainmaa ,Kimi, Linnainmaa 
,Frankfurt Galaxy,Koku Giede,Koku,Giede
Berlin Thunder,,Kolin Hill,Kolin,Hill
,Panthers Wroclaw,Konrad Paszkiewicz,Konrad,Paszkiewicz
Panthers Wroclaw,Panthers Wroclaw,Konrad Starczewski,Konrad,Starczewski
,Panthers Wroclaw,Konrad Stępień,Konrad,Stępień
,Frankfurt Galaxy,Konstantin Katz,Konstantin,Katz
,Istanbul Rams,Kris Wedderburn,Kris,Wedderburn
,Panthers Wroclaw,Krzysztof Wis,Krzysztof,Wis
Hamburg Sea Devils,,Kwame Ofori,Kwame,Ofori
Leipzig Kings,Berlin Thunder,Kyle  Kitchens,Kyle, Kitchens
,Barcelona Dragons,Kyle Sweet,Kyle,Sweet
,Istanbul Rams,Kürşad Pekün,Kürşad,Pekün
,Hamburg Sea Devils,Lamar Jordan II,Lamar,Jordan II
Leipzig Kings,Leipzig Kings,Lance Leota,Lance,Leota
Berlin Thunder,,Lane Acheompong,Lane,Acheompong
Frankfurt Galaxy,Frankfurt Galaxy,Lars Hampel,Lars,Hampel
,Hamburg Sea Devils,Lars Lennard Bardenhagen,Lars,Lennard Bardenhagen
,Rhein Fire,Lars Schiefer,Lars,Schiefer
,Panthers Wroclaw,Lars Steffen,Lars,Steffen
,Rhein Fire,Lasse Meyer,Lasse,Meyer
Stuttgart Surge,,Lasse Rave ,Lasse,Rave 
,Cologne Centurions,Laurin Wiegand,Laurin,Wiegand
,Raiders Tirol,Laurynas Orlovicius,Laurynas,Orlovicius
Barcelona Dragons,Barcelona Dragons,Lautaro Frecha,Lautaro,Frecha
,Berlin Thunder,Lawrence Cornwall-Baptiste,Lawrence,Cornwall-Baptiste
Cologne Centurions,,LeRoy Stryewski,LeRoy,Stryewski
,Rhein Fire,Leander Carstensen,Leander,Carstensen
,Cologne Centurions,Leander Wiegand,Leander,Wiegand
Cologne Centurions,,Lennart Weitz,Lennart,Weitz
,Stuttgart Surge,Lenny Sadzik,Lenny,Sadzik
Berlin Thunder,,Leo Leeser,Leo,Leeser
,Vienna Vikings,Leon Balogh,Leon,Balogh
,Frankfurt Galaxy,Leon Helm,Leon,Helm
,Vienna Vikings,Leon Huber,Leon,Huber
Stuttgart Surge,,Leon Häbich,Leon,Häbich
Hamburg Sea Devils,Leipzig Kings,Leon Kusterer,Leon,Kusterer
,,Leon Littfinski,Leon,Littfinski
,Cologne Centurions,Leon Savvas Michailidis,Leon,Savvas Michailidis
,Vienna Vikings,Leohard Gerner,Leohard,Gerner
,Rhein Fire,Lesar Duran,Lesar,Duran
,Hamburg Sea Devils,Lewis Thomas,Lewis,Thomas
Leipzig Kings,Leipzig Kings,Lion Deckwarth,Lion,Deckwarth
,Raiders Tirol,Logan Moragne,Logan,Moragne
Frankfurt Galaxy,,Long Hoang,Long,Hoang
Frankfurt Galaxy,Frankfurt Galaxy,Lorenz Regler,Lorenz,Regler
,Hamburg Sea Devils,Lorenzo Deiana,Lorenzo,Deiana
Berlin Thunder,Frankfurt Galaxy,Louis Achaintre,Louis,Achaintre
Stuttgart Surge,Cologne Centurions,Louis Geyer,Louis,Geyer
Hamburg Sea Devils,Hamburg Sea Devils,Louis Müller,Louis,Müller
Berlin Thunder,,Louis Rieger,Louis,Rieger
Leipzig Kings,,Luc Schneider,Luc,Schneider
,Berlin Thunder,Luca Dohn,Luca,Dohn
Stuttgart Surge,Stuttgart Surge,Luca Faschian,Luca,Faschian
Frankfurt Galaxy,Frankfurt Galaxy,Luca Hebel,Luca,Hebel
Leipzig Kings,,Luca Lampe,Luca,Lampe
Frankfurt Galaxy,,Luca Sack,Luca,Sack
Barcelona Dragons,Barcelona Dragons,Lucas Masero,Lucas,Masero
,Cologne Centurions,Lucas Richter,Lucas,Richter
,Leipzig Kings,Lucas Thiem,Lucas,Thiem
,Raiders Tirol,Lucas Veluire,Lucas,Veluire
Stuttgart Surge,Raiders Tirol,Lucky Ogbevoen,Lucky,Ogbevoen
,Berlin Thunder,Ludvig Myren,Ludvig,Myren
Barcelona Dragons,Barcelona Dragons,Cereceda Luis,Cereceda,Luis
,Rhein Fire,Luis Fiedler,Luis,Fiedler
,Vienna Vikings,Luis Horvath,Luis,Horvath
,Frankfurt Galaxy,Luis Moreno,Luis,Moreno
Berlin Thunder,,Luis Müller Atzerodt,Luis,Müller Atzerodt
,Barcelona Dragons,Luis Sánchez,Luis,Sánchez
Leipzig Kings,,Lukas Birkel,Lukas,Birkel
,Raiders Tirol,Lukas Fink,Lukas,Fink
,Raiders Tirol,Lukas Haslwanter,Lukas,Haslwanter
,Vienna Vikings,Lukas Holub,Lukas,Holub
Stuttgart Surge,,Lukas Huster,Lukas,Huster
Panthers Wroclaw,,Lukas O'Connor,Lukas,O'Connor
Leipzig Kings,,Lukas Rebensdorf,Lukas,Rebensdorf
Hamburg Sea Devils,Hamburg Sea Devils,Lukas Rehder,Lukas,Rehder
,Rhein Fire,Lukas Ruoss,Lukas,Ruoss
Stuttgart Surge,,Lukas Stingl,Lukas,Stingl
Frankfurt Galaxy,,Lukas von Stumpfeldt,Lukas,von Stumpfeldt
,Panthers Wroclaw,Maciej Krupa,Maciej,Krupa
Cologne Centurions,,Madre London,Madre,London
,Rhein Fire,Majan Jelvani,Majan,Jelvani
,Stuttgart Surge,Malcolm Washington,Malcolm,Washington
Cologne Centurions,,Malik Becker,Malik,Becker
,Panthers Wroclaw,Malik Stanley,Malik,Stanley
Frankfurt Galaxy,Frankfurt Galaxy,Mamadou Sy,Mamadou,Sy
,Istanbul Rams,Mandy Uwadilachi,Mandy,Uwadilachi
,Raiders Tirol,Manuel Jovic,Manuel,Jovic
,Raiders Tirol,Manuel Lortzing Martinez,Manuel,Lortzing Martinez
Frankfurt Galaxy,Frankfurt Galaxy,Marc Anthony Hor,Marc,Anthony Hor
Stuttgart Surge,,Marc Kuppinger,Marc,Kuppinger
Berlin Thunder,Berlin Thunder,Marcel Behm,Marcel,Behm
Berlin Thunder,Berlin Thunder,Marcel Camenz,Marcel,Camenz
Stuttgart Surge,,Marcel Dabo,Marcel,Dabo
Stuttgart Surge,Stuttgart Surge,Marcel Fürst,Marcel,Fürst
Berlin Thunder,Berlin Thunder,Marcel Steffen,Marcel,Steffen
Leipzig Kings,Leipzig Kings,Marcel Ulbrich,Marcel,Ulbrich
Panthers Wroclaw,,Marcin Osumek,Marcin,Osumek
,Stuttgart Surge,Marco Fischer,Marco,Fischer
,Raiders Tirol,Marco Schneider,Marco,Schneider
,Frankfurt Galaxy,Marcos Schlabitz,Marcos,Schlabitz
,Istanbul Rams,Marcus Tullio Lucas,Marcus,Tullio Lucas
Panthers Wroclaw,,Marek Stajer,Marek,Stajer
Barcelona Dragons,Barcelona Dragons,Mario Flores,Mario,Flores
,Cologne Centurions,Marius Faust,Marius,Faust
Cologne Centurions,Cologne Centurions,Marius Kensy,Marius,Kensy
,Berlin Thunder,Marius Makert,Marius,Makert
,Rhein Fire,Marius Mohr,Marius,Mohr
Frankfurt Galaxy,,Marius Riepe,Marius,Riepe
,Frankfurt Galaxy,Mark Andrew Adjei,Mark,Andrew Adjei
Frankfurt Galaxy,,Mark Gorelik,Mark,Gorelik
Panthers Wroclaw,,Mark Herndon,Mark,Herndon
,Cologne Centurions,Mark Scherenberg,Mark,Scherenberg
Frankfurt Galaxy,Frankfurt Galaxy,Marko Vidović,Marko,Vidović
Frankfurt Galaxy,Frankfurt Galaxy,Markus Hachenberg,Markus,Hachenberg
Leipzig Kings,,Markus Riedel,Markus,Riedel
,Raiders Tirol,Markus Schaberl,Markus,Schaberl
,,Marlon Mbaye,Marlon,Mbaye
,,Marloshawn Franklin Jr. ,Marloshawn,Franklin Jr. 
,,Martin Emos,Martin,Emos
,Rhein Fire,Martin  Pinter,Martin, Pinter
Leipzig Kings,,Martin Strauß,Martin,Strauß
Hamburg Sea Devils,Hamburg Sea Devils,Marvin Amankwah,Marvin,Amankwah
,Cologne Centurions,Marvin Djomou Djopa,Marvin,Djomou Djopa
Stuttgart Surge,Rhein Fire,Marvin Pludra,Marvin,Pludra
Frankfurt Galaxy,Frankfurt Galaxy,Marvin Rutsch,Marvin,Rutsch
Stuttgart Surge,,Marvin Röben,Marvin,Röben
Berlin Thunder,,Matan Lockitch,Matan,Lockitch
,Cologne Centurions,Matej Bencek,Matej,Bencek
Panthers Wroclaw,,Mateusz Dymek,Mateusz,Dymek
,Panthers Wroclaw,Mateusz Głogowski,Mateusz,Głogowski
,Panthers Wroclaw,Mateusz Konwent,Mateusz,Konwent
,Panthers Wroclaw,Mateusz Samczuk,Mateusz,Samczuk
,Panthers Wroclaw,Mateusz Wojakiewicz,Mateusz,Wojakiewicz
,Barcelona Dragons,Mathias Roll Hummelmose,Mathias,Roll Hummelmose
,Rhein Fire,Matt Adam,Matt,Adam
,Vienna Vikings,Matthew Daltrey,Matthew,Daltrey
Cologne Centurions,Cologne Centurions,Matthias Banjaqui,Matthias,Banjaqui
Hamburg Sea Devils,Hamburg Sea Devils,Matthias Spiegel,Matthias,Spiegel
,Vienna Vikings,Matthias Stockamp,Matthias,Stockamp
Cologne Centurions,,Matz Peters,Matz,Peters
Leipzig Kings,Leipzig Kings,Max Bruder,Max,Bruder
Berlin Thunder,Berlin Thunder,Max Bähr,Max,Bähr
Frankfurt Galaxy,,Max Ebsen,Max,Ebsen
Frankfurt Galaxy,Frankfurt Galaxy,Max Schmidt,Max,Schmidt
Frankfurt Galaxy,Frankfurt Galaxy,Max Siemssen,Max,Siemssen
Berlin Thunder,,Maxime De Falcis,Maxime,De Falcis
,Raiders Tirol,Maxime Roger,Maxime,Roger
,Panthers Wroclaw,Maxime Rouyer,Maxime,Rouyer
,Rhein Fire,Maximilian Eisenhut,Maximilian,Eisenhut
Leipzig Kings,,Maximilian Fitz,Maximilian,Fitz
Stuttgart Surge,Berlin Thunder,Maximilian Kempchen,Maximilian,Kempchen
,Frankfurt Galaxy,Maximilian Kranz,Maximilian,Kranz
Frankfurt Galaxy,,Maximilian Krauss,Maximilian,Krauss
Frankfurt Galaxy,,Maximilian Loetz,Maximilian,Loetz
Hamburg Sea Devils,,Maximilian Michael Donalies,Maximilian,Michael Donalies
,Vienna Vikings,Maximilian Müllner,Maximilian,Müllner
Cologne Centurions,Cologne Centurions,Maximilian Oebels,Maximilian,Oebels
,Rhein Fire,Maximilian Schmidt,Maximilian,Schmidt
,Hamburg Sea Devils,Maximilian Wessel,Maximilian,Wessel
,Istanbul Rams,Mehmet Furkan Sarıkatipoğlu,Mehmet,Furkan Sarıkatipoğlu
Frankfurt Galaxy,Frankfurt Galaxy,Mete Konya,Mete,Konya
Leipzig Kings,,Michael Bausch,Michael,Bausch
Leipzig Kings,,Michael Birdsong,Michael,Birdsong
,Raiders Tirol,Michael Habetin,Michael,Habetin
,Vienna Vikings,Michael Hinterwirth-Haider,Michael,Hinterwirth-Haider
,Stuttgart Surge,Michael Kimpiabi,Michael,Kimpiabi
Cologne Centurions,Cologne Centurions,Michael Ofosuhene,Michael,Ofosuhene
,Barcelona Dragons,Michael Sam,Michael,Sam
,Berlin Thunder,Michael Starck,Michael,Starck
Stuttgart Surge,Stuttgart Surge,Michael Winterlik,Michael,Winterlik
,,Michał  Faber,Michał, Faber
Panthers Wroclaw,Panthers Wroclaw,Michał Goszczyński,Michał,Goszczyński
Panthers Wroclaw,Panthers Wroclaw,Michał Zięta,Michał,Zięta
Hamburg Sea Devils,Hamburg Sea Devils,Miguel Alessandro Boock,Miguel,Alessandro Boock
,Vienna Vikings,Mike Breuler,Mike,Breuler
Cologne Centurions,,Mike Taylor III,Mike,Taylor III
,Barcelona Dragons,Mikel Gómez,Mikel,Gómez
Frankfurt Galaxy,,Milan Mišić,Milan,Mišić
Leipzig Kings,,Mirko Parnow,Mirko,Parnow
Panthers Wroclaw,Panthers Wroclaw,Miłosz Maćków,Miłosz,Maćków
,Cologne Centurions,Mohamad Gafur,Mohamad,Gafur
Leipzig Kings,Leipzig Kings,Moritz Graul,Moritz,Graul
Leipzig Kings,,Moritz Herzel,Moritz,Herzel
Frankfurt Galaxy,,Moritz Johannknecht,Moritz,Johannknecht
,Hamburg Sea Devils,Moritz Maack,Moritz,Maack
,Stuttgart Surge,Moritz Riedinger,Moritz,Riedinger
,Vienna Vikings,Moritz Schmahel,Moritz,Schmahel
Frankfurt Galaxy,,Moritz Schmidt,Moritz,Schmidt
Cologne Centurions,,Moritz Schnippe,Moritz,Schnippe
Berlin Thunder,Berlin Thunder,Moritz Thiele,Moritz,Thiele
,Vienna Vikings,Moriz Elmauthaler,Moriz,Elmauthaler
,Leipzig Kings,Morten Runne,Morten,Runne
,Istanbul Rams,Muhammed Ali Kurutluca,Muhammed,Ali Kurutluca
,Istanbul Rams,Muneyuki Kinoshita,Muneyuki,Kinoshita
Panthers Wroclaw,Panthers Wroclaw,Murilo Silva,Murilo,Silva
Barcelona Dragons,Leipzig Kings,Myke Tavarres ,Myke,Tavarres 
Frankfurt Galaxy,,Myron De Vane,Myron,De Vane
,Istanbul Rams,Najee Mundicha,Najee,Mundicha
Berlin Thunder,,Najim Hennig,Najim,Hennig
Barcelona Dragons,,Naren Ishwar Lalwani,Naren,Ishwar Lalwani
Hamburg Sea Devils,Hamburg Sea Devils,Nassim Amroun,Nassim,Amroun
,Stuttgart Surge,Nathan Kalemba,Nathan,Kalemba
,Rhein Fire,Nathaniel Robitaille,Nathaniel,Robitaille
Hamburg Sea Devils,Hamburg Sea Devils,Nelson Imasuen,Nelson,Imasuen
Barcelona Dragons,,Nicholas Møller-Hansen,Nicholas,Møller-Hansen
Berlin Thunder,Berlin Thunder,Nick Rudloff,Nick,Rudloff
Stuttgart Surge,Stuttgart Surge,Nick Wenzelburger,Nick,Wenzelburger
Cologne Centurions,Rhein Fire,Nick Wiens,Nick,Wiens
,Stuttgart Surge,Nicko Schuster,Nicko,Schuster
Frankfurt Galaxy,,Nico Schön,Nico,Schön
Frankfurt Galaxy,Frankfurt Galaxy,Nico Strahmann,Nico,Strahmann
Berlin Thunder,Berlin Thunder,Nicolai Schumann,Nicolai,Schumann
,Raiders Tirol,Nicolas Melcher,Nicolas,Melcher
Frankfurt Galaxy,,Nicolas Werle,Nicolas,Werle
Stuttgart Surge,Stuttgart Surge,Nijaz Hamulic,Nijaz,Hamulic
,Leipzig Kings,Nikita Schönborn,Nikita,Schönborn
,Raiders Tirol,Niklas Gustav,Niklas,Gustav
,Vienna Vikings,Niklas Johansson,Niklas,Johansson
Cologne Centurions,Cologne Centurions,Niklas Liesen,Niklas,Liesen
Cologne Centurions,Cologne Centurions,Niklas Meiworm,Niklas,Meiworm
,Raiders Tirol,Niklas Sanin,Niklas,Sanin
,Frankfurt Galaxy,Niklas Schumm,Niklas,Schumm
,Rhein Fire,Niklas Siegert,Niklas,Siegert
Hamburg Sea Devils,Hamburg Sea Devils,Niklas Wiem,Niklas,Wiem
Barcelona Dragons,Barcelona Dragons,Niko Lester,Niko,Lester
,Stuttgart Surge,Nikolas Knoblauch,Nikolas,Knoblauch
,Vienna Vikings,Nikolaus Huszar,Nikolaus,Huszar
,Vienna Vikings,Nikolaus Rabitsch,Nikolaus,Rabitsch
Leipzig Kings,Leipzig Kings,Nils Bäumer,Nils,Bäumer
Frankfurt Galaxy,,Nils Hampel,Nils,Hampel
Cologne Centurions,Cologne Centurions,Noah Aarass,Noah,Aarass
,Istanbul Rams,Noah Allsten,Noah,Allsten
Frankfurt Galaxy,Stuttgart Surge,Noah Bomba,Noah,Bomba
Hamburg Sea Devils,,Okan Güzel,Okan,Güzel
Leipzig Kings,,Olav Røhnebæk,Olav,Røhnebæk
,Berlin Thunder,Oleg Gerats,Oleg,Gerats
,Leipzig Kings,Oliver Bahr,Oliver,Bahr
Frankfurt Galaxy,Rhein Fire,Omari Williams,Omari,Williams
Leipzig Kings,,Omi Yoshihito,Omi,Yoshihito
,Istanbul Rams,Onur Can Duzcu,Onur,Can Duzcu
,,Onur Doğan,Onur,Doğan
,Istanbul Rams,Orhan Kırmızıoğlu,Orhan,Kırmızıoğlu
,Istanbul Rams,Orhun Akbudak,Orhun,Akbudak
Frankfurt Galaxy,Stuttgart Surge,Osaruonamen (Precious ) Ogbevoen,Osaruonamen,(Precious ) Ogbevoen
Hamburg Sea Devils,,Oscar Sundqvist,Oscar,Sundqvist
,Vienna Vikings,Oskar Herz,Oskar,Herz
,Vienna Vikings,Oskar Kranich,Oskar,Kranich
Panthers Wroclaw,,Oskar Wypych,Oskar,Wypych
Berlin Thunder,,Otavio Amorim,Otavio,Amorim
,Istanbul Rams,Oğuzhan Ceyhan,Oğuzhan,Ceyhan
Barcelona Dragons,,Pablo De Diego,Pablo,De Diego
Hamburg Sea Devils,,Paco (Ufuk) Varol,Paco,(Ufuk) Varol
Frankfurt Galaxy,,Pascal Abt,Pascal,Abt
,Hamburg Sea Devils,Pascal Brinkers,Pascal,Brinkers
Stuttgart Surge,,Pascal Flöser,Pascal,Flöser
Berlin Thunder,,Pascal Labus,Pascal,Labus
Berlin Thunder,,Pascal Schaar,Pascal,Schaar
Leipzig Kings,Leipzig Kings,Pascal Topolewski,Pascal,Topolewski
,Raiders Tirol,Patrick Pilger,Patrick,Pilger
Cologne Centurions,Rhein Fire,Patrick Poetsch,Patrick,Poetsch
Berlin Thunder,Berlin Thunder,Paul Fischer,Paul,Fischer
Cologne Centurions,Cologne Centurions,Paul Kavadia-Lenhardt,Paul,Kavadia-Lenhardt
Leipzig Kings,Leipzig Kings,Paul Meißner,Paul,Meißner
Berlin Thunder,Berlin Thunder,Paul Seifert,Paul,Seifert
Cologne Centurions,Cologne Centurions,Paul Steffen,Paul,Steffen
Stuttgart Surge,Stuttgart Surge,Paul Steigerwald,Paul,Steigerwald
,Stuttgart Surge,Paul Veritas,Paul,Veritas
Panthers Wroclaw,Panthers Wroclaw,Paweł Barul,Paweł,Barul
Leipzig Kings,,Per Kristian Molberg,Per,Kristian Molberg
Frankfurt Galaxy,,Peter Devoe,Peter,Devoe
Stuttgart Surge,Stuttgart Surge,Peter Weiblen,Peter,Weiblen
,Rhein Fire,Philip Weinzierl,Philip,Weinzierl
,Raiders Tirol,Philipp Haun,Philipp,Haun
Leipzig Kings,,Philipp Mingerzahn,Philipp,Mingerzahn
,Leipzig Kings,Philipp Müller,Philipp,Müller
,Berlin Thunder,Philipp Schuhmann,Philipp,Schuhmann
,Raiders Tirol,Philipp Timmermann,Philipp,Timmermann
Stuttgart Surge,Stuttgart Surge,Philipp Ungericht,Philipp,Ungericht
,Leipzig Kings,Phillip Eichhorn,Phillip,Eichhorn
Hamburg Sea Devils,,Phillip Friis Andersen,Phillip,Friis Andersen
Berlin Thunder,Berlin Thunder,Phillip Ruffin,Phillip,Ruffin
Panthers Wroclaw,Panthers Wroclaw,Philéas Pasqualini,Philéas,Pasqualini
Barcelona Dragons,,Pierce Boothby,Pierce,Boothby
Panthers Wroclaw,,Pierre Courageux,Pierre,Courageux
Panthers Wroclaw,,Piotr Golacki,Piotr,Golacki
Panthers Wroclaw,Panthers Wroclaw,Piotr Ostrowski,Piotr,Ostrowski
Berlin Thunder,Leipzig Kings,Pollys Junio Sacramento,Pollys,Junio Sacramento
Panthers Wroclaw,Panthers Wroclaw,Przemysław Banat,Przemysław,Banat
Panthers Wroclaw,,Przemysław Lewszyk,Przemysław,Lewszyk
Cologne Centurions,Cologne Centurions,Quinten Pounds,Quinten,Pounds
,Panthers Wroclaw,Rafał Rogaczewski,Rafał,Rogaczewski
Cologne Centurions,Cologne Centurions,Ramin Akhlaghi,Ramin,Akhlaghi
Cologne Centurions,,Ramy Mohamed,Ramy,Mohamed
,Stuttgart Surge,Randy Schroeder,Randy,Schroeder
,,Raoul  Hrouda,Raoul, Hrouda
,Berlin Thunder,Rayan Khefif,Rayan,Khefif
Leipzig Kings,,Raymond Sobowale,Raymond,Sobowale
Barcelona Dragons,Barcelona Dragons,Raúl Hernández,Raúl,Hernández
,Rhein Fire,Remy Feltes,Remy,Feltes
Cologne Centurions,,René Berres,René,Berres
Cologne Centurions,Rhein Fire,René Hanßen,René,Hanßen
Cologne Centurions,Rhein Fire,Richard Grooten,Richard,Grooten
,Berlin Thunder,Robby Kendall,Robby,Kendall
Leipzig Kings,,Robert Kahlke,Robert,Kahlke
Panthers Wroclaw,Panthers Wroclaw,Robert Rosołek,Robert,Rosołek
Hamburg Sea Devils,Hamburg Sea Devils,Robin Fensch,Robin,Fensch
,Stuttgart Surge,Robin Häberle,Robin,Häberle
Frankfurt Galaxy,,Robin Maier,Robin,Maier
,Berlin Thunder,Robin Wilzeck,Robin,Wilzeck
Leipzig Kings,Leipzig Kings,Roedion Henrique,Roedion,Henrique
,Rhein Fire,Rohat Dagdelen,Rohat,Dagdelen
Cologne Centurions,,Roman Sellung,Roman,Sellung
Hamburg Sea Devils,Hamburg Sea Devils,Ron Mac Spiegel,Ron,Mac Spiegel
Stuttgart Surge,Stuttgart Surge,Ronley Lakalaka,Ronley,Lakalaka
,Barcelona Dragons,Roque  Alarcón,Roque, Alarcón
Stuttgart Surge,,Ruben Pein ,Ruben,Pein 
,Raiders Tirol,Ruben Seeber,Ruben,Seeber
,Barcelona Dragons,Rubén Quintana,Rubén,Quintana
,Vienna Vikings,Rudi Lee Frey,Rudi,Lee Frey
Frankfurt Galaxy,,Rudolf Warkentin,Rudolf,Warkentin
,Frankfurt Galaxy,Ryan Rimmler,Ryan,Rimmler
Barcelona Dragons,,Rémi Bertellin,Rémi,Bertellin
Hamburg Sea Devils,Hamburg Sea Devils,Salieu Ceesay,Salieu,Ceesay
,Istanbul Rams,Salih Özdemir,Salih,Özdemir
Barcelona Dragons,,Samuel Anca,Samuel,Anca
Stuttgart Surge,,Samuel Shannon,Samuel,Shannon
Cologne Centurions,,Samuel Ziebarth,Samuel,Ziebarth
,Cologne Centurions,Sango-Erume Vogel,Sango-Erume,Vogel
,Raiders Tirol,Sean  Shelton,Sean, Shelton
Berlin Thunder,,Seantavius Jones,Seantavius,Jones
,Istanbul Rams,Sebastian Arenas,Sebastian,Arenas
Barcelona Dragons,Barcelona Dragons,Sebastian Bowen,Sebastian,Bowen
,Vienna Vikings,Sebastian Daum,Sebastian,Daum
,Rhein Fire,Sebastian Fey,Sebastian,Fey
Frankfurt Galaxy,Frankfurt Galaxy,Sebastian Gauthier,Sebastian,Gauthier
,Vienna Vikings,Sebastian Huber,Sebastian,Huber
,Raiders Tirol,Sebastian Schaar,Sebastian,Schaar
Frankfurt Galaxy,Frankfurt Galaxy,Sebastian Silva Gomez,Sebastian,Silva Gomez
,Raiders Tirol,Sebastian Summerer,Sebastian,Summerer
,Vienna Vikings,Sebastian Wimmer,Sebastian,Wimmer
Barcelona Dragons,Barcelona Dragons,Sebastián Castañer,Sebastián,Castañer
Hamburg Sea Devils,,Sedwon Kaya,Sedwon,Kaya
,Istanbul Rams,Selahattin Saka,Selahattin,Saka
,Panthers Wroclaw,Semmie Radji,Semmie,Radji
Stuttgart Surge,Stuttgart Surge,Sercan Vardar,Sercan,Vardar
Stuttgart Surge,,Serdar Kiraz,Serdar,Kiraz
Barcelona Dragons,,Sergio Barbero,Sergio,Barbero
Leipzig Kings,Hamburg Sea Devils,Shalom Baafi,Shalom,Baafi
,Barcelona Dragons,Shawn Wilson,Shawn,Wilson
,Cologne Centurions,Shida Wang,Shida,Wang
,Rhein Fire,Silvan Barelds,Silvan,Barelds
Leipzig Kings,Leipzig Kings,Simon Braun,Simon,Braun
Hamburg Sea Devils,Hamburg Sea Devils,Simon Homadi,Simon,Homadi
,Berlin Thunder,Simon Leinauer,Simon,Leinauer
Berlin Thunder,,Simon Mayerhoff,Simon,Mayerhoff
Frankfurt Galaxy,Frankfurt Galaxy,Simon Otto,Simon,Otto
,Berlin Thunder,Stanley Zeregbe,Stanley,Zeregbe
Panthers Wroclaw,,Stefan Drecun,Stefan,Drecun
Frankfurt Galaxy,,Steffen Olschok,Steffen,Olschok
Leipzig Kings,,Steven Kühne,Steven,Kühne
,Rhein Fire,Sven Breidenbach,Sven,Breidenbach
Frankfurt Galaxy,Frankfurt Galaxy,Sven Fischer,Sven,Fischer
Leipzig Kings,,Sven Hinrichs,Sven,Hinrichs
,Frankfurt Galaxy,Sven Rieger,Sven,Rieger
Cologne Centurions,Cologne Centurions,Sydney Amadu,Sydney,Amadu
Panthers Wroclaw,Panthers Wroclaw,Szymon Adamczyk,Szymon,Adamczyk
Panthers Wroclaw,,Szymon Grzebieniak,Szymon,Grzebieniak
Panthers Wroclaw,,Szymon Jarmołkowicz,Szymon,Jarmołkowicz
Panthers Wroclaw,Panthers Wroclaw,Szymon Romanowski,Szymon,Romanowski
Panthers Wroclaw,,Tadhg  Leader,Tadhg, Leader
,Istanbul Rams,Taha Çokadar,Taha,Çokadar
,Istanbul Rams,Talat Gökhan Buluşan,Talat,Gökhan Buluşan
Berlin Thunder,,Thaddeus Schirmer,Thaddeus,Schirmer
,,Theo Groendeals,Theo,Groendeals
Hamburg Sea Devils,Hamburg Sea Devils,Thiago Lessow,Thiago,Lessow
,Frankfurt Galaxy,Thomas Albrecht,Thomas,Albrecht
Barcelona Dragons,,Thomas Costa Anessiadis,Thomas,Costa Anessiadis
Stuttgart Surge,,Thomas Edel,Thomas,Edel
,Panthers Wroclaw,Thomas Fileccia,Thomas,Fileccia
,Frankfurt Galaxy,Thomas Fischbach,Thomas,Fischbach
Stuttgart Surge,Stuttgart Surge,Thomas Ghebrezhirer,Thomas,Ghebrezhirer
,Raiders Tirol,Thomas Kugler,Thomas,Kugler
,Vienna Vikings,Thomas Schnurrer,Thomas,Schnurrer
,Frankfurt Galaxy,Thomas Zampach,Thomas,Zampach
,Rhein Fire,Thomas van den Oort,Thomas,van den Oort
Stuttgart Surge,Stuttgart Surge,Til Becker,Til,Becker
Cologne Centurions,Rhein Fire,Till Janssen,Till,Janssen
,Berlin Thunder,Tillman Bolk,Tillman,Bolk
Leipzig Kings,Leipzig Kings,Tilman Brütsch,Tilman,Brütsch
Hamburg Sea Devils,Hamburg Sea Devils,Tim Albrecht,Tim,Albrecht
,Frankfurt Galaxy,Tim Göckus,Tim,Göckus
,Frankfurt Galaxy,Tim Hirsch,Tim,Hirsch
,Hamburg Sea Devils,Tim Hänni,Tim,Hänni
,Berlin Thunder,Tim Schulz,Tim,Schulz
,Raiders Tirol,Tim Unger,Tim,Unger
,Frankfurt Galaxy,Timo Benschuh,Timo,Benschuh
Stuttgart Surge,,Timo Bronn,Timo,Bronn
,Rhein Fire,Timo Jüngst,Timo,Jüngst
Hamburg Sea Devils,,Timo Winter,Timo,Winter
Barcelona Dragons,,Timón Debiez,Timón,Debiez
,Leipzig Kings,Timon Stüwe,Timon,Stüwe
Leipzig Kings,Rhein Fire,Timothy Knüttel,Timothy,Knüttel
,Raiders Tirol,Tinashe Jefferson Chawaguta,Tinashe,Jefferson Chawaguta
Berlin Thunder,,Tino Ndongo,Tino,Ndongo
Hamburg Sea Devils,Hamburg Sea Devils,Tobias Nill,Tobias,Nill
,Raiders Tirol,Tobias Bonatti,Tobias,Bonatti
Stuttgart Surge,Stuttgart Surge,Tobias Burkhardt,Tobias,Burkhardt
,Cologne Centurions,Tobias Jarmuzek,Tobias,Jarmuzek
Hamburg Sea Devils,,Tobias Kolb,Tobias,Kolb
,Cologne Centurions,Tobias Nick,Tobias,Nick
,Berlin Thunder,Tobias Rodlauer,Tobias,Rodlauer
,Raiders Tirol,Tobias Url,Tobias,Url
Panthers Wroclaw,,Tobiasz Witalis,Tobiasz,Witalis
,Vienna Vikings,Toby Lettman,Toby,Lettman
,,Tolga Törün,Tolga,Törün
Cologne Centurions,,Tom Maier,Tom,Maier
Stuttgart Surge,Stuttgart Surge,Tom Stickel,Tom,Stickel
Leipzig Kings,,Tom Van Duijn,Tom,Van Duijn
,Panthers Wroclaw,Tomasz Dziedzic,Tomasz,Dziedzic
Panthers Wroclaw,,Tomasz Kiszka,Tomasz,Kiszka
,Raiders Tirol,Toni Rabensteiner,Toni,Rabensteiner
,Raiders Tirol,Tony Anderson,Tony,Anderson
,Raiders Tirol,Tony Koskinen,Tony,Koskinen
Leipzig Kings,Leipzig Kings,Tony Kulok,Tony,Kulok
,Cologne Centurions,Tre King,Tre,King
Leipzig Kings,,Tristan Csiza,Tristan,Csiza
Cologne Centurions,Cologne Centurions,Tufan Yagmur,Tufan,Yagmur
Berlin Thunder,Berlin Thunder,Tuna Hiller,Tuna,Hiller
,Istanbul Rams,Tyrese Johnson-Fisher,Tyrese,Johnson-Fisher
,Rhein Fire,Tyrese Owusu-Bediako,Tyrese,Owusu-Bediako
,Rhein Fire,Tyrone Jordan Alexander,Tyrone,Jordan Alexander
,Istanbul Rams,Ufuk Eren Özelçe,Ufuk,Eren Özelçe
Cologne Centurions,Cologne Centurions,Valentin Rödiger,Valentin,Rödiger
Barcelona Dragons,,Vicente Latorre,Vicente,Latorre
Stuttgart Surge,,Victor Ferrier,Victor,Ferrier
Leipzig Kings,,Viktor Wiederspahn,Viktor,Wiederspahn
Frankfurt Galaxy,,Ville Valasti,Ville,Valasti
Leipzig Kings,Frankfurt Galaxy,Vincent Buffet,Vincent,Buffet
,Raiders Tirol,Vincent Müller,Vincent,Müller
Hamburg Sea Devils,Hamburg Sea Devils,Vincent Wilson-Oberko,Vincent,Wilson-Oberko
,Vienna Vikings,Vito Millauer,Vito,Millauer
,Rhein Fire,Vojislav Hahn,Vojislav,Hahn
Barcelona Dragons,Barcelona Dragons,Víctor Albarracín,Víctor,Albarracín
Berlin Thunder,Frankfurt Galaxy,Wael Nasri,Wael,Nasri
Cologne Centurions,Cologne Centurions,Waheed Bhikh,Waheed,Bhikh
Frankfurt Galaxy,,Wayne Drew,Wayne,Drew
Stuttgart Surge,,Wesley Martheli,Wesley,Martheli
,,Weston Carr,Weston,Carr
,Panthers Wroclaw,Wictor Zięba,Wictor,Zięba
Panthers Wroclaw,Panthers Wroclaw,Wiktor Zięba,Wiktor,Zięba
,Berlin Thunder,Willi Dill,Willi,Dill
Panthers Wroclaw,Leipzig Kings,William  James,William, James
Panthers Wroclaw,Panthers Wroclaw,William Lloyd,William,Lloyd
Hamburg Sea Devils,,Xavier Jerome Johnson,Xavier,Jerome Johnson
,Istanbul Rams,YIlmaz Berk Güven,YIlmaz,Berk Güven
Barcelona Dragons,Barcelona Dragons,Yago Rivero,Yago,Rivero
Frankfurt Galaxy,Frankfurt Galaxy,Yannic Kiehl,Yannic,Kiehl
Berlin Thunder,,Yannic Landfried,Yannic,Landfried
,Raiders Tirol,Yannick Mayr,Yannick,Mayr
Berlin Thunder,Berlin Thunder,Yannis Binner,Yannis,Binner
,Istanbul Rams,Yiğit Timer,Yiğit,Timer
,Istanbul Rams,Yiğitcan Ferhat Ertür,Yiğitcan,Ferhat Ertür
Barcelona Dragons,Barcelona Dragons,Zach Edwards,Zach,Edwards
,Leipzig Kings,Zachariah Davidson-Bentham,Zachariah,Davidson-Bentham
Stuttgart Surge,Istanbul Rams,Zachary Blair,Zachary,Blair
,Istanbul Rams,Zafer Ceylan,Zafer,Ceylan
,Frankfurt Galaxy,Zinedin Bendjabou,Zinedin,Bendjabou
Barcelona Dragons,Barcelona Dragons,Álex González Posito,Álex,González Posito
Barcelona Dragons,,Álvaro López López,Álvaro,López López
,Istanbul Rams,İlhan Efe Geyik,İlhan,Efe Geyik
Panthers Wroclaw,Panthers Wroclaw,Łukasz Gembara,Łukasz,Gembara
,Istanbul Rams,Şerif Emir Dülger,Şerif,Emir Dülger
